StationNbr,Name,City,RegionalOffice,County,ConnectDate,DisconnectDate,IsActive,IsEtoStation,Elevation,GroundCover,HmsLatitude,HmsLongitude,ZipCodes,SitingDesc
1,Fresno/F.S.U. USDA,Fresno,South Central Region Office,Fresno,6/7/1982,9/25/1988,False,True,340,Grass,36º48'52N / 36.814444,-119º43'54W / -119.731670,"93766, 93762, 93761, 93760, 93759, 93755, 93750, 93747, 93745, 93744, 93741, 93740, 93729, 93728, 93727, 93726, 93725, 93724, 93722, 93721, 93720, 93718, 93717, 93716, 93715, 93714, 93711, 93710, 93709, 93708, 93707, 93706, 93705, 93704, 93703, 93702, 93701, 93650, 93234, 93668, 93660, 93656, 93652, 93609, 93608, 93607",
2,FivePoints,Five Points,South Central Region Office,Fresno,6/7/1982,12/31/2050,True,True,285,Grass,36º20'10N / 36.336222,-120º6'46W / -120.112910,93624,
3,Beach /Santa Cruz CO,Watsonville,South Central Region Office,Santa Cruz,5/30/1982,8/25/1986,False,True,10,Grass,36º52'50N / 36.880556,-121º47'36W / -121.793330,"95077, 95076, 95075, 95019, 95018",
4,Webb /Santa Cruz CO,Watsonville,South Central Region Office,Santa Cruz,5/30/1982,4/29/1988,False,True,230,Grass,36º58'21N / 36.9725,-121º43'34W / -121.726110,"95077, 95076, 95075, 95019, 95018",
5,Shafter,Shafter,South Central Region Office,Kern,6/1/1982,12/31/2050,True,False,360,Grass,35º31'57N / 35.532556,-119º16'54W / -119.281790,"93263, 93280, 93388",
6,Davis,Davis,North Central Region Office,Yolo,7/17/1982,12/31/2050,True,True,60,Grass,38º32'8N / 38.535694,-121º46'35W / -121.776360,"95618, 95617, 95616",
7,Firebaugh/Telles,Firebaugh,South Central Region Office,Fresno,9/22/1982,12/31/2050,True,True,185,Grass,36º51'4N / 36.851222,-120º35'27W / -120.590920,"93622, 93665, 93620",
8,Gerber,Gerber,Northern Region Office,Tehama,9/22/1982,8/14/2014,False,True,250,Grass,40º2'39N / 40.044053,-122º9'56W / -122.165510,"96035, 96092, 96090, 96078, 96055",
9,Lamont,LaMont,South Central Region Office,Kern,9/29/1982,4/10/1989,False,True,406,Grass,35º14'17N / 35.238056,-118º53'40W / -118.894440,"93621, 93272, 93256, 93216, 93215, 93201, 93219",
10,Bakersfield/Greenlee,Mettler Station,South Central Region Office,Kern,10/1/1982,4/16/1986,False,True,400,Grass,35º4'37N / 35.077083,-119º4'56W / -119.082130,"93383, 93381, 93313",
11,Bakersfield/Bonanza,Conner,South Central Region Office,Kern,9/29/1982,4/17/1986,False,True,290,Grass,35º9'38N / 35.160556,-119º10'51W / -119.180830,"93383, 93381, 93313",
12,Durham,Chico,Northern Region Office,Butte,10/19/1982,12/31/2050,True,True,130,Grass,39º36'31N / 39.608639,-121º49'28W / -121.824430,"95974, 95958, 95938",
13,Camino,Placerville,North Central Region Office,El Dorado,10/19/1982,12/31/2050,True,True,2780,Grass,38º45'11N / 38.753136,-120º44'1W / -120.7336,"95667, 95709",
14,Orland,Orland,Northern Region Office,Glenn,10/30/1982,4/21/1987,False,True,235,Grass,39º44'22N / 39.739444,-122º10'17W / -122.171390,"95961, 95943, 95613, 95963",
15,Stratford,Stratford,South Central Region Office,Kings,10/29/1982,12/31/2050,True,True,193,Grass,36º9'29N / 36.157972,-119º51'5W / -119.851430,"93246, 93245, 93234, 93202, 93266",
16,San Juan,Watsonville,South Central Region Office,Monterey,10/23/1982,8/24/1995,False,True,44,Grass,36º54'17N / 36.904722,-121º42'11W / -121.703060,"95077, 95076, 95075, 95019, 95018",
17,El Centro,Meloland,Southern Region Office,Imperial,11/8/1982,5/27/1987,False,True,-86,Grass,32º50'47N / 32.846389,-115º26'54W / -115.448330,"92249, 92232, 92231, 92251, 92250, 92244, 92243",
18,Westmorland,Westmorland,Southern Region Office,Imperial,11/11/1982,4/9/1986,False,True,-195,Grass,33º4'39N / 33.0775,-115º36'50W / -115.613890,"92233, 92227, 92281",
19,Castroville,Castroville,South Central Region Office,Monterey,11/18/1982,11/20/2019,False,False,9,Grass,36º46'5N / 36.768167,-121º46'25W / -121.773640,"93907, 93908, 93933, 95012, 95039",
20,Corcoran,Corcoran,South Central Region Office,Kings,11/22/1982,4/9/1986,False,True,190,Grass,36º2'25N / 36.040278,-119º34'22W / -119.572780,"93212, 93282",
21,Kettleman,Kettleman City,South Central Region Office,Kings,11/19/1982,9/1/2017,False,True,340,Grass,35º52'4N / 35.867750,-119º53'42W / -119.8949,"93266, 93234, 93249, 93239",
22,Caruthers,Laton,South Central Region Office,Kings,11/18/1982,6/6/1988,False,True,238,Grass,36º29'25N / 36.490278,-119º46'45W / -119.779170,"93656, 93652, 93609",
23,King City,King City,South Central Region Office,Monterey,11/19/1982,12/23/1985,False,True,300,Grass,36º10'28N / 36.174444,-121º7'2W / -121.117220,93930,
24,Thermal,Thermal,Southern Region Office,Riverside,11/22/1982,3/3/1986,False,True,-120,Grass,33º37'52N / 33.631111,-116º6'43W / -116.111940,"92274, 92254, 92236",
25,Rancho Mirage,Rancho Mirage,Southern Region Office,Riverside,11/22/1982,11/20/1985,False,True,240,Grass,33º45'52N / 33.764444,-116º25'26W / -116.423890,92270,
26,Lost Hills,Lost Hills,Southern Region Office,Kern,11/29/1982,8/13/1986,False,True,410,Grass,35º30'19N / 35.505278,-119º41'23W / -119.689720,93249,
27,Zamora,Woodland,North Central Region Office,Yolo,12/5/1982,1/20/2006,False,True,50,Grass,38º48'32N / 38.808758,-121º54'27W / -121.907540,95698,
28,Soledad,Soledad,South Central Region Office,Monterey,1/4/1983,2/11/1987,False,True,170,Grass,36º26'51N / 36.4475,-121º21'51W / -121.364170,93960,
29,Cantua Creek,Cantua Creek,South Central Region Office,Fresno,1/2/1983,7/23/1985,False,True,275,Grass,36º30'59N / 36.516389,-120º18'52W / -120.314440,93608,
30,Nicolaus,Nicolaus,North Central Region Office,Sutter,1/3/1983,12/29/2011,False,True,32,Grass,38º52'14N / 38.8706,-121º32'46W / -121.546080,"95674, 95668, 95659",
31,McFarland/Kern Farms,McFarland,South Central Region Office,Kern,1/11/1983,3/8/1993,False,True,480,Grass,35º42'10N / 35.702722,-119º9'13W / -119.153550,93250,
32,Colusa,Colusa,Northern Region Office,Colusa,1/13/1983,8/12/2016,False,True,55,Grass,39º13'37N / 39.226861,-122º1'29W / -122.0248,95932,
33,Visalia,Visalia,South Central Region Office,Tulare,1/5/1983,3/1/2007,False,True,350,Grass,36º18'4N / 36.301056,-119º13'28W / -119.224530,"93235, 93223, 93221, 93292, 93291, 93279, 93278, 93277",
34,Rancho California,Rancho California,Southern Region Office,Riverside,1/21/1983,11/25/1986,False,True,1820,Grass,33º29'19N / 33.488611,-117º11'55W / -117.198610,"92592, 92591, 92590, 92589",
35,Bishop,Bishop,Southern Region Office,Inyo,2/4/1983,12/31/2050,True,True,4170,Grass,37º21'31N / 37.358514,-118º24'20W / -118.405530,"93515, 93514, 93513, 93512",
36,Blythe,Blythe,Southern Region Office,Riverside,3/13/1983,8/12/1988,False,True,270,Grass,33º39'17N / 33.654722,-114º33'29W / -114.558060,"92228, 92227, 92226, 92225",
37,USDA Salinas,Salinas,South Central Region Office,Monterey,4/11/1983,7/27/1992,False,True,120,Grass,36º37'14N / 36.620556,-121º32'43W / -121.545280,"93962, 93915, 93912, 93908, 93907, 93906, 93905, 93902, 93901",
38,Santa Maria,Santa Maria,Southern Region Office,Santa Barbara,5/3/1983,4/27/1999,False,True,270,Grass,34º57'16N / 34.954444,-120º23'3W / -120.384170,"93458, 93457, 93456, 93455, 93454",
39,Parlier,Parlier,South Central Region Office,Fresno,5/23/1983,12/31/2050,True,True,337,Grass,36º35'51N / 36.597444,-119º30'15W / -119.504040,"93662, 93657, 93654, 93618, 93161, 93648",
40,Mendota/MuriettaUSDA,Mendota,South Central Region Office,Fresno,6/14/1983,4/15/1992,False,True,187,Grass,36º41'0N / 36.683333,-120º23'14W / -120.387220,93668,
41,Calipatria/Mulberry,Calipatria,Southern Region Office,Imperial,7/17/1983,12/31/2050,True,True,-110,Grass,33º2'35N / 33.042986,-115º24'57W / -115.415850,"92281, 92257, 92233",
42,Lodi,Lodi,North Central Region Office,San Joaquin,10/16/1983,1/18/2001,False,True,23,Grass,38º6'34N / 38.109444,-121º20'46W / -121.346110,"95242, 95241, 95240",
43,McArthur,Glenburn,Northern Region Office,Shasta,10/31/1983,12/31/2050,True,True,3310,Grass,41º3'50N / 41.063767,-121º27'22W / -121.456020,"96028, 96056",
44,U.C. Riverside,Riverside,Southern Region Office,Riverside,6/2/1985,12/31/2050,True,True,1020,Grass,33º57'54N / 33.964942,-117º20'13W / -117.336980,"92522, 92521, 92519, 92518, 92517, 92516, 92515, 92514, 92513, 92509, 92507, 92506, 92505, 92504, 92503, 92502, 92501",
45,San Diego,San Diego,Southern Region Office,San Diego,6/9/1985,4/27/1989,False,True,370,Grass,32º47'12N / 32.786667,-117º8'7W / -117.135280,"92199, 92198, 92197, 92196, 92195, 92194, 92193, 92192, 92191, 92187, 92186, 92184, 92182, 92179, 92178, 92177, 92176, 92175, 92174, 92173, 92172, 92171, 92170, 92169, 92168, 92167, 92166, 92165, 92164, 92163, 92162, 92161, 92160, 92159, 92158, 92155, 92154, 92153, 92152, 92150, 92149, 92147, 92145, 92143, 92142, 92140, 92139, 92138, 92137, 92136, 92135, 92134, 92133, 92132, 92131, 92130, 92129, 92128, 92127, 92126, 92125, 92124, 92123, 92122, 92121, 92120, 92119, 92118, 92117, 92116, 92115, 92114, 92113, 92112, 92111, 92110, 92109, 92108, 92107, 92106, 92105, 92104, 92103, 92102, 92101",
46,MacDoel,MacDoel,Northern Region Office,Siskiyou,11/11/1985,6/11/1986,False,True,4254,Grass,41º47'32N / 41.792222,-122º3'49W / -122.063610,96058,
47,Brentwood,Brentwood,North Central Region Office,Contra Costa,11/18/1985,12/31/2050,True,True,45,Grass,37º55'42N / 37.928258,-121º39'36W / -121.6599,"94548, 94514, 94513",
48,Tulelake,Tulelake,Northern Region Office,Siskiyou,2/3/1986,9/30/1993,False,True,4042,Grass,42º0'12N / 42.003333,-121º25'36W / -121.426670,96134,
49,Oceanside,Oceanside,Southern Region Office,San Diego,3/11/1986,10/29/2003,False,False,50,Grass,33º15'21N / 33.255833,-117º19'11W / -117.319720,"92058, 92057, 92056, 92068, 92054, 92052, 92051, 92049",
50,Thermal,Thermal,Southern Region Office,Riverside,7/22/1986,1/11/1999,False,True,-30,Grass,33º38'47N / 33.646389,-116º14'30W / -116.241670,92274,
51,Healdsburg,Healdsburg,North Central Region Office,Sonoma,8/24/1986,3/28/1994,False,True,180,Grass,38º39'43N / 38.661906,-122º52'10W / -122.869460,95448,
52,San Luis Obispo,San Luis Obispo,Southern Region Office,San Luis Obispo,4/2/1986,12/31/2050,True,True,330,Grass,35º18'20N / 35.305442,-120º39'42W / -120.661780,"93410, 93409, 93408, 93407, 93406, 93405, 93403, 93401",
53,Greenfield,Greenfield,South Central Region Office,Monterey,10/10/1986,10/23/1991,False,True,270,Grass,36º20'28N / 36.341111,-121º15'25W / -121.256940,93927,
54,Blackwells Corner,Blackwells Corner,South Central Region Office,Kern,10/19/1986,10/18/2021,False,False,705,Grass,35º38'59N / 35.649861,-119º57'33W / -119.9593,93249,
55,Palm Desert,Palm Desert,Southern Region Office,Riverside,5/26/1987,4/11/1994,False,True,200,Grass,33º43'50N / 33.730556,-116º22'57W / -116.3825,"92261, 92260, 92255, 92211, 92210",
56,Los Banos,Los Banos,South Central Region Office,Merced,6/28/1988,9/14/2022,False,True,95,Grass,37º5'48N / 37.096694,-120º45'14W / -120.7539,93635,
57,Buntingville,Susanville,Northern Region Office,Lassen,6/22/1986,5/12/2021,False,True,4005,Grass,40º17'23N / 40.289799,-120º26'2W / -120.433948,"96136, 96128, 96117, 96114",
58,Santa Paula,Santa Paula,Southern Region Office,Ventura,7/30/1987,2/15/1991,False,True,175,Grass,34º18'6N / 34.301667,-119º7'8W / -119.118890,"93061, 93060",
59,Tehachapi,Tehachapi,South Central Region Office,Kern,7/29/1986,8/23/1990,False,True,4110,Grass,35º6'51N / 35.114167,-118º26'19W / -118.438610,"93581, 93561",
60,Barstow,Barstow,Southern Region Office,San Bernardino,11/20/1986,2/20/1992,False,True,2180,Grass,34º54'12N / 34.903333,-117º6'54W / -117.1150,"92312, 92311, 92310",
61,Orland,Orland,Northern Region Office,Glenn,5/13/1987,5/26/2010,False,False,198,Grass,39º41'31N / 39.691822,-122º9'13W / -122.153510,95963,
62,Temecula,Rancho California,Southern Region Office,Riverside,11/25/1986,12/31/2050,True,False,1420,Grass,33º29'12N / 33.486650,-117º13'42W / -117.228270,"92592, 92591, 92590, 92589, 96593",
63,Novato,Novato,North Central Region Office,Marin,7/1/1986,1/18/2002,False,True,25,Grass,38º7'18N / 38.121739,-122º32'38W / -122.543780,"94998, 94949, 94948, 94947, 94945",
64,Santa Ynez,Santa Ynez,Southern Region Office,Santa Barbara,11/21/1986,12/31/2050,True,True,490,Grass,34º34'59N / 34.583144,-120º4'45W / -120.079240,93460,
65,Walnut Creek,Walnut Creek,North Central Region Office,Contra Costa,7/22/1987,3/8/2002,False,True,440,Grass,37º54'52N / 37.914392,-122º4'56W / -122.082260,"94598, 94597, 94596, 94595",
66,San Diego,San Diego,Southern Region Office,San Diego,4/27/1989,12/19/2001,False,True,370,Grass,32º43'59N / 32.733056,-117º8'5W / -117.134720,"92199, 92198, 92197, 92196, 92195, 92194, 92193, 92192, 92191, 92187, 92186, 92184, 92182, 92179, 92178, 92177, 92176, 92175, 92174, 92173, 92172, 92171, 92170, 92169, 92168, 92167, 92166, 92165, 92164, 92163, 92162, 92161, 92160, 92159, 92158, 92155, 92154, 92153, 92152, 92150, 92149, 92147, 92145, 92144, 92143, 92142, 92140, 92139, 92138, 92137, 92136, 92135, 92134, 92133, 92132, 92131, 92130, 92129, 92128, 92127, 92126, 92125, 92124, 92123, 92122, 92121, 92120, 92119, 92118, 92117, 92116, 92115, 92114, 92113, 92112, 92111, 92110, 92109, 92108, 92107, 92106, 92105, 92104, 92103, 92102, 92101",
67,Goleta,Santa Barbara,Southern Region Office,Santa Barbara,2/17/1988,4/7/1993,False,True,30,Grass,34º25'56N / 34.432222,-119º50'20W / -119.838890,"93199, 93190, 93160, 93150, 93140, 93130, 93129, 93128, 93127, 93126, 93125, 93124, 93123, 93122, 93121, 93120, 93118, 93117, 93116, 93111, 93110, 93109, 93106, 93107, 93105, 93103, 93102, 93101",
68,Seeley,Seeley,Southern Region Office,Imperial,5/29/1987,12/31/2050,True,False,40,Grass,32º45'34N / 32.759575,-115º43'55W / -115.732070,92273,
69,San Jose,San Jose,North Central Region Office,Santa Clara,6/8/1987,11/22/2002,False,True,125,Grass,37º19'34N / 37.326189,-121º57'7W / -121.951820,"95196, 95194, 95193, 95192, 95191, 95190, 95173, 95172, 95171, 95170, 95164, 95161, 95160, 95159, 95158, 95157, 95156, 95155, 95154, 95153, 95152, 95150, 95148, 95142, 95141, 95140, 95139, 95138, 95137, 95136, 95135, 95134, 95133, 95132, 95131, 95130, 95129, 95128, 95127, 95126, 95125, 95124, 95123, 95122, 95121, 95120, 95119, 95118, 95117, 95116, 95115, 95114, 95113, 95112, 95111, 95110, 95109, 95108, 95107, 95106, 95103, 95102, 95101",
70,Manteca,Manteca,North Central Region Office,San Joaquin,11/12/1987,12/31/2050,True,True,33,Grass,37º50'5N / 37.834822,-121º13'23W / -121.223190,"95337, 95336, 95365, 95320, 95231",
71,Modesto,Modesto,South Central Region Office,Stanislaus,6/25/1987,12/31/2050,True,True,35,Grass,37º38'43N / 37.645222,-121º11'16W / -121.187760,"95397, 95358, 95357, 95356, 95355, 95354, 95353, 95352, 95351, 95350",
72,Palo Verde,Palo Verde,Southern Region Office,Imperial,9/8/1987,12/20/2000,False,True,230,Alfalfa,33º23'15N / 33.3875,-114º43'21W / -114.7225,92266,
73,Hollywood Hills,Burbank,Southern Region Office,Los Angeles,3/4/1988,9/14/1993,False,True,560,Grass,34º8'50N / 34.147222,-118º19'4W / -118.317780,"91526, 91523, 91522, 91521, 91510, 91509, 91508, 91507, 91506, 91505, 91504, 91503, 91502, 91501",
74,Escondido,Escondido,Southern Region Office,San Diego,4/26/1988,12/24/1998,False,True,450,Grass,33º5'24N / 33.09,-116º58'52W / -116.981110,"92046, 92033, 92030, 92029, 92027, 92026, 92025",
75,Irvine,Irvine,Southern Region Office,Orange,10/7/1987,12/31/2050,True,True,410,Grass,33º41'18N / 33.688450,-117º43'16W / -117.721180,"92710, 92707, 92667, 92650, 92630, 92623, 92620, 92619, 92618, 92616, 92614, 92612, 92606, 92604, 92603, 92602",
76,Betteravia,Guadalupe,Southern Region Office,Santa Barbara,12/18/1987,7/1/1993,False,True,160,Grass,34º55'26N / 34.923889,-120º30'42W / -120.511670,"93458, 93457, 93456, 93455, 93454",
77,Oakville,Napa,North Central Region Office,Napa,3/1/1989,12/31/2050,True,True,190,Grass,38º25'43N / 38.428475,-122º24'37W / -122.410210,"94573, 94574, 94562",
78,Pomona,Pomona,Southern Region Office,Los Angeles,3/14/1989,12/31/2050,True,True,730,Grass,34º3'24N / 34.056589,-117º48'47W / -117.813070,"91799, 91797, 91769, 91768, 91767, 91766, 91765",
79,Angwin,St. Helena,North Central Region Office,Napa,5/11/1989,12/27/1996,False,True,1720,Grass,38º33'19N / 38.555242,-122º25'19W / -122.421860,"95708, 94576, 94508",
80,Fresno State,Fresno,South Central Region Office,Fresno,10/3/1988,12/31/2050,True,True,339,Grass,36º49'15N / 36.820833,-119º44'32W / -119.742310,"93766, 93762, 93761, 93760, 93759, 93755, 93750, 93747, 93745, 93744, 93741, 93740, 93729, 93728, 93727, 93726, 93725, 93724, 93722, 93721, 93720, 93718, 93717, 93716, 93715, 93714, 93711, 93710, 93709, 93708, 93707, 93706, 93705, 93704, 93703, 93702, 93701, 93650",
81,Shenandoah Valley,Plymouth,North Central Region Office,Amador,5/11/1990,5/17/2000,False,True,1550,Grass,38º31'22N / 38.522697,-120º48'18W / -120.805070,95669,
82,Claremont,Claremont,Southern Region Office,Los Angeles,4/13/1989,9/26/2007,False,True,1620,Grass,34º7'48N / 34.13,-117º41'46W / -117.696110,"91711, 91786, 91784, 91773, 91750",
83,Santa Rosa,Santa Rosa,North Central Region Office,Sonoma,1/1/1990,12/31/2050,True,True,80,Grass,38º24'13N / 38.403550,-122º48'0W / -122.799930,"95409, 95408, 95407, 95406, 95405, 95404, 95403, 95402, 95401",
84,Browns Valley,Marysville,North Central Region Office,Yuba,4/13/1989,12/31/2050,True,True,940,Grass,39º15'9N / 39.252561,-121º18'56W / -121.315670,95918,
85,Hopland FS,Hopland,North Central Region Office,Mendocino,9/23/1989,4/25/2016,False,False,1160,Bare,39º0'24N / 39.006747,-123º4'48W / -123.080120,95449,
86,Lindcove,Lindcove,South Central Region Office,Tulare,5/31/1989,12/3/2020,False,False,480,Grass,36º21'38N / 36.3605,-119º3'34W / -119.059350,"93286, 93221",
87,Meloland,El Centro,Southern Region Office,Imperial,12/12/1989,12/31/2050,True,True,-50,Grass,32º48'22N / 32.806183,-115º26'47W / -115.446260,"92251, 92250, 92244, 92243",
88,Cuyama,Cuyama,Southern Region Office,Santa Barbara,5/20/1989,12/31/2050,True,False,2290,Grass,34º56'33N / 34.942525,-119º40'26W / -119.6738,93254,
89,Salinas South,Salinas,South Central Region Office,Monterey,9/5/1992,9/25/2012,False,True,120,Grass,36º36'34N / 36.609444,-121º31'45W / -121.5293,"93962, 93915, 93912, 93908, 93907, 93906, 93905, 93902, 93901",
90,Alturas,Alturas,Northern Region Office,Modoc,4/23/1989,12/31/2050,True,True,4405,Grass,41º26'18N / 41.438214,-120º28'49W / -120.480310,96101,
91,Tulelake FS,Tulelake,Northern Region Office,Siskiyou,4/12/1989,12/31/2035,True,True,4035,Grass,41º57'32N / 41.958869,-121º28'21W / -121.472370,96134,
92,Kesterson,Gustine,South Central Region Office,Merced,10/13/1989,10/11/2021,False,False,75,Grass,37º13'55N / 37.231861,-120º52'51W / -120.880820,93620,
93,Lamont,Lamont,South Central Region Office,Kern,2/4/1990,10/3/1994,False,True,382,Grass,35º17'12N / 35.286667,-118º55'43W / -118.928610,93241,
94,Goleta Foothills,Goleta,Southern Region Office,Santa Barbara,7/7/1990,7/18/2016,False,True,640,Grass,34º28'17N / 34.471333,-119º52'9W / -119.869290,"93199, 93190, 93160, 93150, 93140, 93130, 93129, 93128, 93127, 93126, 93125, 93124, 93123, 93122, 93121, 93120, 93118, 93117, 93116, 93111, 93110, 93109, 93106, 93107, 93105, 93103, 93102, 93101",
95,Watsonville,Watsonville,South Central Region Office,Santa Cruz,9/13/1989,7/24/1995,False,True,100,Grass,36º53'10N / 36.886111,-121º48'32W / -121.808890,"95077, 95076, 95075, 95019, 95018",
96,Woodside,Woodside,North Central Region Office,San Mateo,10/31/1990,1/24/1994,False,True,560,Grass,37º27'13N / 37.453661,-122º16'54W / -122.2817,94062,
97,Port Hueneme,Port Hueneme,Southern Region Office,Ventura,2/16/1991,7/31/2000,False,True,18,Grass,34º10'24N / 34.173333,-119º12'0W / -119.20,"93044, 93043, 93042, 93041",
98,Ramona,Ramona,Southern Region Office,San Diego,4/20/1991,5/28/1998,False,True,1340,Grass,33º2'58N / 33.049444,-116º56'18W / -116.938330,92065,
99,Santa Monica,Santa Monica,Southern Region Office,Los Angeles,12/11/1992,5/8/2050,True,True,340,Grass,34º2'40N / 34.044311,-118º28'37W / -118.476890,"90411, 90410, 90409, 90408, 90407, 90406, 90405, 90404, 90403, 90402, 90401",
100,Fremont,Fremont,North Central Region Office,Alameda,8/29/1991,6/19/2000,False,True,40,Grass,37º31'33N / 37.525853,-121º58'3W / -121.967580,"94555, 94539, 94538, 94537, 94536",
101,Piru,Piru,Southern Region Office,Ventura,8/27/1991,2/20/2005,False,True,640,Alfalfa,34º22'30N / 34.3750,-118º47'20W / -118.788890,93040,
102,El Dorado,Long Beach,Southern Region Office,Los Angeles,10/24/1990,10/20/1999,False,True,17,Grass,33º47'50N / 33.797222,-118º5'38W / -118.093890,"90899, 90888, 90853, 90848, 90847, 90846, 90845, 90842, 90840, 90835, 90834, 90833, 90832, 90831, 90822, 90814, 90813, 90810, 90809, 90808, 90807, 90806, 90805, 90804, 90803, 90802, 90801, 90749, 90747, 90746, 90745",
103,Windsor,Windsor,North Central Region Office,Sonoma,12/14/1990,12/31/2050,True,True,92,Grass,38º31'36N / 38.526650,-122º48'50W / -122.813758,"95492, 95439, 95448, 95436",
104,De Laveaga,Santa Cruz,South Central Region Office,Santa Cruz,9/28/1990,12/31/2050,True,True,300,Grass,36º59'51N / 36.997444,-121º59'48W / -121.996760,"95065, 95064, 95018, 95067, 95063, 95073",
105,Westlands,Tranquility,South Central Region Office,Fresno,4/17/1992,12/31/2050,True,True,191,Grass,36º38'3N / 36.634028,-120º22'55W / -120.381810,"93668, 93640",
106,Sanel Valley,Hopland,North Central Region Office,Mendocino,2/1/1991,7/27/2050,True,True,525,Grass,38º58'57N / 38.982581,-123º5'21W / -123.089280,95449,
107,Santa Barbara,Santa Barbara,Southern Region Office,Santa Barbara,4/7/1993,12/31/2050,True,True,250,Grass,34º26'14N / 34.437353,-119º44'15W / -119.737420,"93199, 93190, 93160, 93150, 93140, 93130, 93129, 93128, 93127, 93126, 93125, 93124, 93123, 93122, 93121, 93120, 93118, 93117, 93116, 93111, 93110, 93109, 93106, 93107, 93105, 93103, 93102, 93101",
108,Gerber Dryland,Gerber,Northern Region Office,Tehama,3/11/1991,5/12/1998,False,True,245,Bare,40º2'34N / 40.042778,-122º9'44W / -122.162220,96035,
109,Carneros,Napa,North Central Region Office,Napa,3/11/1993,1/13/2022,False,False,5,Grass,38º13'10N / 38.219503,-122º21'18W / -122.354960,"94592, 94591, 94590, 94589, 94581, 94559, 94558, 94503",
110,Newberry Springs,Dagget,Southern Region Office,San Bernardino,2/21/1992,12/27/1996,False,True,1929,Grass,34º50'26N / 34.840556,-116º38'30W / -116.641670,"92365, 92338",
111,Green Valley Road,Watsonville,South Central Region Office,Santa Cruz,5/29/1992,1/28/2021,False,False,110,Grass,36º56'38N / 36.943964,-121º45'50W / -121.763940,"95077, 95076, 95075, 95019, 95018",
112,San Ardo,San Lucas,South Central Region Office,Monterey,6/18/1993,3/13/1995,False,True,374,Grass,36º4'44N / 36.078889,-120º57'28W / -120.957780,93450,
113,King City-Oasis Rd.,King City,South Central Region Office,Monterey,6/12/1993,12/31/2050,True,True,540,Grass,36º7'16N / 36.121083,-121º5'4W / -121.084570,93930,
114,Arroyo Seco,Soledad,South Central Region Office,Monterey,6/18/1993,12/31/2050,True,True,235,Grass,36º20'50N / 36.347306,-121º17'29W / -121.291350,93927,
115,Gonzales,Salinas,South Central Region Office,Monterey,6/12/1993,11/10/1998,False,True,146,Grass,36º30'35N / 36.509750,-121º30'57W / -121.515970,"93926, 93026",
116,Salinas North,Salinas,South Central Region Office,Monterey,6/18/1993,12/31/2050,True,False,61,Grass,36º43'1N / 36.716806,-121º41'31W / -121.691890,"93962, 93915, 93912, 93908, 93907, 93906, 93905, 93902, 93901",
117,Victorville,Victorville,Southern Region Office,San Bernardino,2/1/1994,12/31/2050,True,True,2890,Grass,34º28'33N / 34.475914,-117º15'49W / -117.263510,"92394, 92393, 92392",
118,Cathedral City,Cathedral City,Southern Region Office,Riverside,12/7/1995,10/9/2014,False,True,392,Grass,33º50'29N / 33.841292,-116º28'43W / -116.478730,"92235, 92234",
119,Putah Creek,Winters,North Central Region Office,Solano,8/21/1993,1/25/1995,False,True,180,Grass,38º29'32N / 38.492167,-122º0'14W / -122.003930,95694,
120,Guadalupe,Guadalupe,Southern Region Office,Santa Barbara,12/24/1993,11/28/2000,False,False,110,Grass,34º57'46N / 34.962778,-120º32'55W / -120.548610,93434,
121,Dixon,Dixon,North Central Region Office,Solano,9/20/1994,7/6/2021,False,True,37,Grass,38º24'56N / 38.415564,-121º47'13W / -121.786910,95620,
122,Hastings Tract,Dixon,North Central Region Office,Solano,3/28/1995,6/10/2009,False,True,10,Grass,38º16'59N / 38.283075,-121º47'26W / -121.7906,"95689, 95688, 95687, 94571",
123,Suisun Valley,Cordelia,North Central Region Office,Solano,8/18/1994,7/11/2010,False,True,35,Grass,38º14'2N / 38.233972,-122º7'1W / -122.116990,94585,
124,Panoche,Firebaugh,South Central Region Office,Fresno,7/27/1995,12/31/2050,True,True,183,Grass,36º53'24N / 36.890056,-120º43'53W / -120.731410,"95043, 93622",
125,Arvin-Edison,Arvin,South Central Region Office,Kern,3/22/1995,12/31/2050,True,True,500,Grass,35º12'20N / 35.205583,-118º46'42W / -118.778410,93203,
126,San Benito,Hollister,South Central Region Office,San Benito,6/9/1994,12/31/2050,True,True,340,Grass,36º51'17N / 36.854833,-121º21'46W / -121.362750,"95024, 95023",
127,Salton Sea West,Salton City,Southern Region Office,Imperial,11/21/1994,9/16/2012,False,False,-225,Bare,33º19'40N / 33.327703,-115º56'41W / -115.944840,92275,
128,Salton Sea East,Niland,Southern Region Office,Imperial,11/17/1994,8/9/2013,False,False,-226,Bare,33º13'13N / 33.220186,-115º34'48W / -115.580120,92257,
129,Pajaro,Pajaro,South Central Region Office,Monterey,9/13/1995,12/31/2050,True,True,65,Grass,36º54'10N / 36.902778,-121º44'31W / -121.741930,"95077, 95076, 95075, 95019, 95018",
130,Temecula East,Temecula,Southern Region Office,Riverside,7/1/1995,11/5/1996,False,True,1500,Grass,33º33'23N / 33.556389,-117º2'13W / -117.036940,"92593, 92591, 92590, 92589",
131,Fair Oaks,Fair Oaks,North Central Region Office,Sacramento,4/18/1997,12/31/2050,True,True,265,Grass,38º39'0N / 38.649964,-121º13'8W / -121.218870,"95628, 95038, 95037",
132,Morgan Hill,Morgan Hill,North Central Region Office,Santa Clara,4/28/1997,5/1/2008,False,True,385,Grass,37º9'6N / 37.151533,-121º38'11W / -121.636320,"95038, 95037",
133,Glendale,Glendale,Southern Region Office,Los Angeles,8/7/1996,1/5/2015,False,True,1111,Grass,34º11'48N / 34.196531,-118º13'49W / -118.2302,"91226, 91225, 91224, 91222, 91221, 91214, 91210, 91208, 91207, 91206, 91205, 91204, 91203, 91202, 91201",
134,Barstow NE,Barstow,Southern Region Office,San Bernardino,1/8/1997,10/30/2013,False,True,2040,Grass,34º53'3N / 34.884267,-116º58'47W / -116.979860,"92312, 92311, 92310",
135,Blythe NE,Blythe,Southern Region Office,Riverside,1/16/1997,12/31/2050,True,False,275,Grass,33º39'46N / 33.662869,-114º33'29W / -114.558110,"92228, 92227, 92226, 92225",
136,Oasis,Oasis/Indio,Southern Region Office,Riverside,1/7/1997,12/31/2050,True,False,12,Grass,33º31'25N / 33.523694,-116º9'21W / -116.155750,92274,
137,Temecula East II,Temecula,Southern Region Office,Riverside,2/20/1997,9/20/2011,False,True,1536,Grass,33º33'29N / 33.558017,-117º1'54W / -117.031660,"92592, 92591, 92590, 92589",
138,Famoso,Macfarland,South Central Region Office,Kern,4/9/1997,12/29/2015,False,True,415,Grass,35º36'11N / 35.603111,-119º12'45W / -119.212590,93250,
139,Winters,Winters,North Central Region Office,Solano,6/15/1998,12/31/2050,True,True,136,Grass,38º30'5N / 38.501258,-121º58'43W / -121.978530,"95694, 95696, 95688, 95620",
140,Twitchell Island,Rio Vista,North Central Region Office,Sacramento,10/8/1997,12/31/2050,True,True,0,Grass,38º7'18N / 38.121739,-121º40'28W / -121.674455,"94571, 95641",
141,Mecca,Mecca,Southern Region Office,Riverside,5/5/1998,3/11/2010,False,True,-180,Grass,33º32'13N / 33.536894,-115º59'34W / -115.9928,92254,
142,Orange Cove,Orange Cove,South Central Region Office,Fresno,1/1/1999,1/6/2023,False,False,450,Grass,36º43'16N / 36.721083,-119º23'21W / -119.389030,"93666, 93647, 93618, 93615, 93654, 93646",
143,San Juan Valley,Hollister,South Central Region Office,San Benito,1/1/1998,12/31/2050,True,False,245,Grass,36º49'22N / 36.822861,-121º28'4W / -121.467870,"95045, 93257",
144,Petaluma East,Petaluma,North Central Region Office,Sonoma,8/25/1999,12/31/2050,True,True,97,Grass,38º15'59N / 38.266428,-122º36'59W / -122.616460,"94999, 94975, 94955, 94954, 94953, 94952",
145,Madera,Madera,South Central Region Office,Madera,5/13/1998,3/27/2013,False,True,230,Grass,37º1'0N / 37.016528,-120º11'11W / -120.186390,"93657, 93639, 93638, 93637",
146,Belridge,Lost Hills,South Central Region Office,Kern,10/9/1998,12/31/2050,True,True,410,Grass,35º30'21N / 35.505833,-119º41'28W / -119.691140,93206,
147,Otay Lake,Chula Vista,Southern Region Office,San Diego,4/15/1999,12/31/2050,True,True,580,Grass,32º37'42N / 32.628208,-116º56'21W / -116.939280,"91921, 91915, 91914, 91913, 91912, 91911, 91910, 91909, 90910",
148,Merced,Merced,South Central Region Office,Merced,1/4/1999,4/9/2024,False,True,200,Grass,37º18'51N / 37.314139,-120º23'12W / -120.3867,"95340, 95365, 95344, 95341, 95333",
149,Oakland Foothills,Oakland,North Central Region Office,Alameda,3/25/1999,8/13/2013,False,False,145,Grass,37º46'50N / 37.780653,-122º10'49W / -122.180150,94613,
150,Miramar,La Jolla,Southern Region Office,San Diego,4/23/1999,12/31/2050,True,True,445,Grass,32º53'9N / 32.885847,-117º8'35W / -117.143140,"92093, 92092, 92039, 92038, 92037",
151,Ripley,Blythe,Southern Region Office,Riverside,12/19/1998,12/31/2050,True,True,251,Alfalfa,33º31'56N / 33.532222,-114º38'2W / -114.633890,"92228, 92227, 92226, 92225",
152,Camarillo,Camarillo,Southern Region Office,Ventura,1/21/2000,12/31/2050,True,True,130,Grass,34º13'10N / 34.219386,-118º59'33W / -118.992440,"93012, 93011, 93010",
153,Escondido SPV,Escondido,Southern Region Office,San Diego,2/1/1999,12/31/2050,True,True,390,Grass,33º4'52N / 33.081050,-116º58'33W / -116.9757,"92046, 92033, 92030, 92029, 92027, 92026, 92025",
154,Salton Sea North,North Shore,Southern Region Office,Riverside,10/15/1998,10/30/2003,False,False,-200,Bare,33º30'14N / 33.503889,-115º54'56W / -115.915560,92257,
155,Bryte (experimental),West Sacramento,North Central Region Office,Yolo,12/10/1998,9/6/2022,False,False,40,Bare,38º35'57N / 38.599158,-121º32'25W / -121.540410,"95799, 95798, 95691, 95605",
156,Oxnard,Oxnard,Southern Region Office,Ventura,10/12/2001,4/27/2017,False,False,48,Grass,34º14'1N / 34.233639,-119º11'49W / -119.196920,"93042, 93044, 93043, 93041, 93035, 93034, 93032, 93031, 93030",
157,Point San Pedro,San Rafael,North Central Region Office,Marin,10/11/2002,12/31/2050,True,True,5,Grass,37º59'44N / 37.995478,-122º28'4W / -122.467656,94925,
158,Bennett Valley,Santa Rosa,North Central Region Office,Sonoma,10/1/2000,12/31/2050,True,True,270,Grass,38º25'10N / 38.419439,-122º39'31W / -122.658720,"95409, 95408, 95407, 95406, 95405, 95404, 95403, 95402, 95401",
159,Monrovia,Monrovia,Southern Region Office,Los Angeles,10/15/1999,12/31/2050,True,False,595,Grass,34º8'47N / 34.146372,-117º59'9W / -117.9858,"91017, 91016",
160,San Luis Obispo West,San Luis Obispo,Southern Region Office,San Luis Obispo,11/1/2000,12/31/2050,True,True,285,Grass,35º20'7N / 35.335261,-120º44'9W / -120.735880,"93410, 93409, 93408, 93407, 93406, 93405, 93403, 93402, 93401",
161,Patterson,Patterson,South Central Region Office,Stanislaus,8/23/1999,10/12/2017,False,False,183,Grass,37º26'20N / 37.438944,-121º8'19W / -121.138510,"95387, 95313, 95363",
162,Indio,Indio,Southern Region Office,Riverside,12/24/1999,2/26/2006,False,True,40,Grass,33º44'46N / 33.746111,-116º15'28W / -116.257780,"92203, 92202, 92201",
163,Atascadero,Atascadero,Southern Region Office,San Luis Obispo,11/21/2000,12/31/2050,True,True,885,Grass,35º28'21N / 35.472556,-120º38'53W / -120.648140,"93465, 93453, 93423, 93422",
164,Valley of the Moon,Sonoma,North Central Region Office,Sonoma,4/1/2000,12/18/2001,False,True,155,Grass,38º18'40N / 38.311144,-122º29'55W / -122.498660,"95676, 95433, 95416",
165,Sisquoc,Santa Maria,Southern Region Office,Santa Barbara,4/26/2000,12/31/2050,True,True,536,Grass,34º50'31N / 34.841878,-120º12'46W / -120.212740,"93458, 93457, 93456, 93455, 93454",
166,Lodi West,Lodi,North Central Region Office,San Joaquin,9/13/2000,3/20/2015,False,True,25,Alfalfa,38º7'48N / 38.129933,-121º23'12W / -121.386590,"95632, 95258, 95256, 95220, 95242, 95241, 95240",
167,Tracy,Tracy,North Central Region Office,San Joaquin,9/1/2001,5/31/2017,False,True,82,Grass,37º43'33N / 37.725881,-121º28'32W / -121.475520,95376,
168,Denair,Denair,South Central Region Office,Stanislaus,8/28/2002,4/9/2009,False,True,140,Grass,37º33'11N / 37.553111,-120º46'45W / -120.779280,95316,
169,Porterville,Porterville,South Central Region Office,Tulare,8/2/2000,3/17/2023,False,True,400,Grass,36º4'55N / 36.082056,-119º5'36W / -119.093420,"93270, 93267, 93258, 93257, 93247, 93218",
170,Concord,Concord,North Central Region Office,Contra Costa,4/6/2001,12/31/2050,True,True,35,Grass,38º0'55N / 38.015372,-122º1'13W / -122.020280,"94529, 94527, 94524, 94523, 94522, 94521, 94520, 94519, 94518",
171,Union City,Union City,North Central Region Office,Alameda,2/5/2001,12/31/2050,True,True,16,Grass,37º35'56N / 37.598758,-122º3'12W / -122.053230,"94536, 94537, 94538, 94539, 94555, 94587, 94544, 94557",
172,Lost Hills NW,Lost Hills,South Central Region Office,Kern,7/26/2000,7/1/2003,False,False,225,Grass,35º44'0N / 35.733222,-119º44'33W / -119.742550,93249,
173,Torrey Pines,La Jolla,Southern Region Office,San Diego,11/29/2000,12/31/2050,True,True,335,Grass,32º54'7N / 32.901867,-117º15'2W / -117.250460,"92093, 92092, 92039, 92038, 92037",
174,Long Beach,Long Beach,Southern Region Office,Los Angeles,9/22/2000,12/31/2050,True,True,17,Grass,33º47'55N / 33.798697,-118º5'41W / -118.094790,"90899, 90888, 90853, 90848, 90847, 90846, 90845, 90842, 90840, 90835, 90834, 90833, 90832, 90831, 90822, 90814, 90813, 90810, 90809, 90808, 90807, 90806, 90805, 90804, 90803, 90802, 90801, 90749, 90747, 90746, 90745",
175,Palo Verde II,Palo Verde,Southern Region Office,Imperial,1/11/2001,12/31/2050,True,True,230,Alfalfa,33º23'1N / 33.383697,-114º43'9W / -114.719210,92266,
176,La Quinta,Indio,Southern Region Office,Riverside,11/10/2000,9/26/2006,False,True,42,Grass,33º41'8N / 33.685556,-116º18'20W / -116.305560,"92253, 92211, 92210, 92203, 92202, 92201",
177,Watsonville West,Watsonville,South Central Region Office,Santa Cruz,11/30/2000,3/22/2006,False,True,212,Grass,36º54'0N / 36.90,-121º48'47W / -121.813110,"95077, 95076, 95075, 95019, 95018",
178,Moraga,Moraga,North Central Region Office,Contra Costa,2/27/2002,12/31/2050,True,True,510,Grass,37º50'15N / 37.837614,-122º8'27W / -122.140740,94595,
179,Winchester,Winchester,Southern Region Office,Riverside,2/7/2002,12/31/2050,True,True,1626,Grass,33º39'48N / 33.663325,-117º5'36W / -117.093380,"92596, 92584, 92548",
180,Westmorland West,Westmorland,Southern Region Office,Imperial,11/8/2001,7/21/2003,False,True,-218,Alfalfa,33º7'27N / 33.124167,-115º48'12W / -115.803330,92281,
181,Westmorland North,Imperial,Southern Region Office,Imperial,4/1/2004,6/17/2050,True,True,-200,Alfalfa,33º4'43N / 33.078611,-115º39'38W / -115.660560,"92227, 92233, 92251, 92281",
182,Delano,Delano,South Central Region Office,Tulare,3/21/2002,12/31/2050,True,True,300,Grass,35º49'59N / 35.8330,-119º15'21W / -119.255960,"93261, 93250, 93219, 93216, 93215, 93201",
183,Owens Lake North,Keeler,Southern Region Office,Inyo,12/16/2002,12/31/2050,True,False,3684,Bare,36º29'19N / 36.488611,-117º55'10W / -117.919440,93512,
184,San Diego II,San Diego,Southern Region Office,San Diego,3/1/2002,12/31/2050,True,True,377,Grass,32º43'46N / 32.729578,-117º8'22W / -117.139340,"92199, 92198, 92197, 92196, 92195, 92194, 92193, 92192, 92191, 92187, 92186, 92184, 92182, 92179, 92178, 92177, 92176, 92175, 92174, 92173, 92172, 92171, 92170, 92169, 92168, 92167, 92166, 92165, 92164, 92163, 92162, 92161, 92160, 92159, 92158, 92155, 92154, 92153, 92152, 92150, 92149, 92147, 92145, 92144, 92143, 92142, 92140, 92139, 92138, 92137, 92136, 92135, 92134, 92133, 92132, 92131, 92130, 92129, 92128, 92127, 92126, 92125, 92124, 92123, 92122, 92121, 92120, 92119, 92118, 92117, 92116, 92115, 92114, 92113, 92112, 92111, 92110, 92109, 92108, 92107, 92106, 92105, 92104, 92103, 92102, 92101",
185,UC-Mex,Calexico,Southern Region Office,Imperial,1/18/2002,8/28/2002,False,True,39,Grass,32º24'40N / 32.411111,-115º11'50W / -115.197220,92243,
186,UC-San Luis,Calexico,Southern Region Office,Imperial,4/16/2002,1/25/2016,False,False,48,Grass,32º29'34N / 32.492658,-114º49'34W / -114.826160,92243,
187,Black Point,Novato,North Central Region Office,Marin,6/1/2003,12/31/2050,True,True,1,Grass,38º5'27N / 38.090933,-122º31'36W / -122.5267,"94945, 94949",
188,Madera II,Madera,South Central Region Office,Madera,3/27/2013,6/23/2018,False,True,242,Grass,37º1'12N / 37.02,-120º9'0W / -120.15,"93610, 93637, 93638, 93639",
189,Owens Lake South,Cartago,Southern Region Office,Inyo,4/1/2003,12/31/2050,True,False,3682,Grass,36º21'31N / 36.358628,-117º56'38W / -117.943870,93512,
190,Five Points South West,Five Points,South Central Region Office,Fresno,7/2/2003,12/4/2019,False,False,270,Grass,36º22'55N / 36.382028,-120º13'47W / -120.229850,93624,
191,Pleasanton,Pleasanton,North Central Region Office,Alameda,5/1/2004,12/31/2050,True,True,335,Grass,37º39'50N / 37.663969,-121º53'6W / -121.885030,94588,
192,Lake Arrowhead,Lake Arrowhead,Southern Region Office,San Bernardino,3/20/2004,12/31/2050,True,True,5148,Grass,34º15'21N / 34.255942,-117º13'5W / -117.218140,92352,
193,Pacific Grove,Pacific Grove,South Central Region Office,Monterey,10/26/2011,12/31/2050,True,True,50,Grass,36º38'0N / 36.633222,-121º56'5W / -121.934860,"93950, 93953, 93942, 93943, 93955",
194,Oakdale,Oakdale,South Central Region Office,Stanislaus,11/2/2004,12/31/2050,True,True,165,Grass,37º43'38N / 37.727194,-120º51'3W / -120.850860,95361,
195,Auburn,Auburn,North Central Region Office,Placer,2/16/2005,12/31/2050,True,True,935,Grass,38º53'15N / 38.887603,-121º6'10W / -121.102910,"95603, 95604",
196,Esparto,Esparto,North Central Region Office,Yolo,4/15/2005,7/15/2017,False,True,174,Grass,38º41'30N / 38.691786,-122º0'50W / -122.013810,"95607, 95627, 95653, 95695",
197,Palmdale,Palmdale,Southern Region Office,Los Angeles,4/6/2005,12/31/2050,True,True,2550,Grass,34º36'54N / 34.614981,-118º1'57W / -118.032490,"93534, 93535, 93543, 93550, 93552, 93591",
198,Santa Paula,Santa Paula,Southern Region Office,Ventura,3/30/2005,6/22/2023,False,True,218,Grass,34º19'29N / 34.324639,-119º6'18W / -119.104880,93060,
199,Big Bear Lake,Big Bear Lake,Southern Region Office,San Bernardino,7/19/2005,12/31/2050,True,True,6910,Grass,34º14'15N / 34.237419,-116º51'57W / -116.865710,92315,
200,Indio 2,Indio,Southern Region Office,Riverside,5/16/2006,12/31/2050,True,True,40,Grass,33º44'55N / 33.748586,-116º15'10W / -116.2529,"92201, 92202, 92203, 92211",
201,UC-Andrade,Calexico,Southern Region Office,Imperial,1/1/2006,10/1/2015,False,True,120,Grass,32º40'28N / 32.674353,-115º2'40W / -115.044380,92250,
202,Nipomo,Nipomo,Southern Region Office,San Luis Obispo,6/27/2006,12/31/2050,True,True,255,Grass,35º1'42N / 35.028281,-120º33'36W / -120.560030,"93420, 93444",
203,Alpaugh,Alpaugh,South Central Region Office,Tulare,7/11/2006,11/16/2017,False,False,210,Grass,35º51'45N / 35.862583,-119º30'13W / -119.503570,"93201, 93212, 93219, 93280",
204,Santa Clarita,Santa Clarita,Southern Region Office,Los Angeles,12/4/2006,12/31/2050,True,True,1410,Grass,34º25'35N / 34.426361,-118º31'3W / -118.517580,91350,
205,Coalinga,Coalinga,South Central Region Office,Fresno,3/25/2010,12/31/2050,True,False,730,Grass,36º10'33N / 36.175833,-120º21'37W / -120.360270,93210,
206,Denair II,Denair,South Central Region Office,Stanislaus,4/9/2009,12/31/2050,True,True,150,Grass,37º32'45N / 37.545869,-120º45'16W / -120.754530,"95303, 95316, 95323, 95326, 95382",
207,Borrego Springs,Borrego Springs,Southern Region Office,San Diego,1/4/2008,12/31/2050,True,True,578,Grass,33º16'6N / 33.268447,-116º21'54W / -116.365050,92004,
208,La Quinta II,La Quinta,Southern Region Office,Riverside,2/6/2007,12/31/2050,True,True,36,Grass,33º40'41N / 33.678186,-116º16'23W / -116.272990,"92253, 92211, 92210, 92203, 92202, 92201",
209,Watsonville West II,Watsonville,South Central Region Office,Santa Cruz,6/13/2007,12/31/2050,True,True,240,Grass,36º54'47N / 36.913083,-121º49'25W / -121.823650,"95077, 95076, 95075, 95019, 95018",
210,Carmel,Carmel,South Central Region Office,Monterey,7/22/2008,12/31/2050,True,True,75,Grass,36º32'27N / 36.540889,-121º52'55W / -121.881960,"93923, 93921, 93953, 93922, 93924",
211,Gilroy,Gilroy,North Central Region Office,Santa Clara,9/1/2009,12/31/2050,True,False,185,Grass,37º0'54N / 37.015026,-121º32'13W / -121.537040,95020,
212,Hastings Tract East,Dixon,North Central Region Office,Solano,10/20/2009,12/31/2050,True,True,7,Grass,38º16'41N / 38.278056,-121º44'28W / -121.741110,"94571, 95620",
213,El Cerrito,El Cerrito,North Central Region Office,Contra Costa,9/24/2013,12/31/2050,True,True,596,Grass,37º55'54N / 37.931539,-122º18'10W / -122.302714,"94530, 94805, 94802, 94808, 94804, 94850, 94708, 94707, 94706, 94806",
214,Salinas South II,Salinas,South Central Region Office,Monterey,5/17/2013,12/31/2050,True,True,153,Grass,36º37'32N / 36.625619,-121º32'16W / -121.537889,"93901, 93902, 93905, 93906, 93907, 93908, 93912, 93915, 93962",
215,Chatsworth,Chatsworth,Southern Region Office,Los Angeles,9/1/2011,12/31/2050,True,True,1536,Grass,34º17'29N / 34.291331,-118º34'12W / -118.570040,"91326, 91327, 91311, 91344, 91313, 91394",
216,Arleta,Arleta,Southern Region Office,Los Angeles,9/8/2011,12/31/2050,True,True,980,Grass,34º15'22N / 34.256111,-118º22'58W / -118.382780,"91040, 91331, 91352",
217,Moorpark,Moorpark,Southern Region Office,Ventura,7/3/2014,12/31/2050,True,True,718,Grass,34º16'9N / 34.269031,-118º50'58W / -118.849319,"91360, 91362, 93021, 93065",
218,Thermal South,Thermal,Southern Region Office,Riverside,1/30/2010,12/31/2050,True,True,-150,Grass,33º35'44N / 33.595694,-116º9'29W / -116.158110,92274,
219,West Hills,West Hills,Southern Region Office,Los Angeles,9/6/2011,12/31/2050,True,True,926,Grass,34º12'51N / 34.214197,-118º38'41W / -118.644770,"91303, 91304, 91306, 91308, 91311, 91367",
220,Palmdale Central,Palmdale,Southern Region Office,Los Angeles,3/23/2011,12/31/2050,True,True,2630,Grass,34º35'32N / 34.592222,-118º7'39W / -118.1275,93550,
221,Cadiz Valley,Chambless,Southern Region Office,San Bernardino,11/1/2010,10/10/2050,True,True,155,Grass,34º30'49N / 34.513611,-115º30'38W / -115.510560,"92304, 92332, 92338",
222,Gerber South,Gerber,Northern Region Office,Tehama,8/13/2014,12/31/2050,True,True,246,Grass,40º2'24N / 40.040006,-122º9'16W / -122.154539,"96035, 96055, 96078, 96080, 96090, 96092",
223,North Hollywood,Universal City,Southern Region Office,Los Angeles,1/30/2018,5/28/2050,True,True,570,Grass,34º8'34N / 34.142911,-118º21'59W / -118.366320,"91602, 91618, 91604",
224,Shasta College,Redding,Northern Region Office,Shasta,1/1/2013,12/31/2050,True,True,592,Grass,40º37'48N / 40.63,-122º18'36W / -122.31,,
225,Scott Valley,Fort Jones,Northern Region Office,Siskiyou,4/1/2015,12/31/2050,True,True,2733,Grass,41º34'40N / 41.577778,-122º50'17W / -122.838125,,
226,Woodland,Woodland,North Central Region Office,Yolo,5/12/2011,12/31/2050,True,True,82,Grass,38º40'22N / 38.672722,-121º48'42W / -121.811720,"95695, 95776, 95627",
227,Plymouth,Plymouth,North Central Region Office,Amador,11/1/2010,12/31/2050,True,True,1520,Grass,38º30'30N / 38.508333,-120º47'59W / -120.799720,"95669, 95629, 95685",
228,Diamond Springs,Diamond Springs,North Central Region Office,El Dorado,9/29/2010,12/31/2050,True,True,2050,Grass,38º38'10N / 38.636111,-120º47'35W / -120.793050,"95619, 95623, 95667, 95684",
229,Laguna Seca,Monterey,South Central Region Office,Monterey,1/1/2011,12/31/2050,True,True,320,Grass,36º34'12N / 36.570111,-121º47'11W / -121.7865,"93940, 93955, 93943",
230,Santa Barbara II,Santa Barbara,Southern Region Office,Santa Barbara,1/10/2011,1/23/2018,False,False,440,Grass,34º24'20N / 34.405556,-119º42'54W / -119.7150,93109,
231,Lompoc,Lompoc,Southern Region Office,Santa Barbara,7/14/2010,12/31/2050,True,False,55,Grass,34º40'20N / 34.672222,-120º30'47W / -120.513060,"93436, 93437, 93438",
232,Santa Maria II,Santa Maria,Southern Region Office,Santa Barbara,4/1/2011,12/31/2050,True,False,215,Grass,34º54'48N / 34.913472,-120º27'53W / -120.464780,"93454, 93458, 93955, 93456, 93457, 93455, 93429",
233,Joshua Tree,Joshua Tree,Southern Region Office,San Bernardino,12/1/2011,12/31/2050,True,False,2483,Bare,34º8'17N / 34.138147,-116º12'47W / -116.213190,"92252, 92278, 92284",
234,Newberry Springs II,Newberry Springs,Southern Region Office,San Bernardino,2/25/2015,11/29/2020,False,True,1930,Grass,34º53'0N / 34.883472,-116º48'37W / -116.810247,"92311, 92312, 92327, 92365, 92398",
235,Verona,Nicolaus,North Central Region Office,Sutter,5/18/2012,12/31/2050,True,True,24,Alfalfa,38º47'53N / 38.797944,-121º36'41W / -121.611360,"95659, 95668, 95676, 95836, 95645, 95697, 95776",
236,Macdoel II,Macdoel,Northern Region Office,Siskiyou,4/16/2015,12/31/2050,True,True,4265,Grass,41º48'9N / 41.802476,-121º59'46W / -121.996159,"96058, 96023",
237,Temecula East III,Temecula,Southern Region Office,Riverside,11/1/2012,12/31/2050,True,True,1530,Grass,33º33'10N / 33.552810,-117º2'36W / -117.043302,"92589, 92590, 92591, 92592, 92596, 92593, 92544, 92543",
238,Moreno Valley,Moreno Valley,Southern Region Office,Riverside,4/19/2013,4/24/2018,False,True,1604,Grass,33º54'0N / 33.90,-117º10'12W / -117.17,"92518, 92551, 92554, 92555, 92556",
239,Hemet,Hemet,Southern Region Office,Riverside,1/22/2015,12/31/2050,True,False,1768,Grass,33º39'53N / 33.664747,-116º57'18W / -116.955121,"92543, 92544, 92593, 92596, 92546, 92545",
240,Perris - Menifee,Perris,Southern Region Office,Riverside,5/25/2013,12/31/2050,True,True,1421,Grass,33º45'36N / 33.76,-117º12'0W / -117.20,"92548, 92570, 92572, 92584, 92585, 92586, 92587",
241,San Clemente,San Clemente,Southern Region Office,Orange,7/28/2015,12/31/2050,True,True,224,Grass,33º27'45N / 33.4625,-117º35'10W / -117.586111,"92672, 92673, 92675, 92693",
242,Staten Island,Walnut Grove,North Central Region Office,San Joaquin,11/5/2015,12/31/2050,True,True,-10,Grass,38º11'33N / 38.192397,-121º30'37W / -121.510261,"95686, 95242, 95641, 95690, 95680",
243,Ryde,Walnut Grove,North Central Region Office,Sacramento,12/16/2015,12/31/2050,True,True,-10,Grass,38º14'59N / 38.249622,-121º33'20W / -121.555528,"95690, 95680, 95615, 95641, 95686",
244,Biggs,Biggs,Northern Region Office,Butte,6/18/2015,12/31/2050,True,True,72,Grass,39º23'12N / 39.386632,-121º50'7W / -121.835278,"95917, 95920, 95932, 95948, 95970",
245,Coto de Caza,Coto de Caza,Southern Region Office,Orange,10/7/2015,12/31/2050,True,True,846,Grass,33º37'18N / 33.621667,-117º35'7W / -117.585278,"92678, 92679, 92691, 92692, 92694",
246,Markleeville,Markleeville,North Central Region Office,Alpine,6/13/2014,12/31/2050,True,True,5517,Grass,38º46'24N / 38.773409,-119º47'31W / -119.791930,"96120, 96133",
247,Jersey Island,Oakley,North Central Region Office,Contra Costa,7/1/2016,12/31/2050,True,True,-12,Grass,38º2'0N / 38.033386,-121º42'4W / -121.701247,"95219, 94511, 94571, 94561, 94513",
248,Holt,Stockton,North Central Region Office,San Joaquin,7/1/2016,12/31/2050,True,True,-3,Grass,37º55'55N / 37.932072,-121º23'48W / -121.396661,"95206, 95234, 95203, 95219",
249,Ripon,Manteca,North Central Region Office,San Joaquin,7/1/2016,12/31/2050,True,True,20,Grass,37º45'20N / 37.755597,-121º15'58W / -121.266153,"95337, 95304, 95330, 95336",
250,Williams,Williams,Northern Region Office,Colusa,8/9/2016,12/31/2050,True,True,69,Grass,39º12'38N / 39.210667,-122º10'8W / -122.168889,"95987, 95955, 95932, 95912",
251,Highland,Highland,Southern Region Office,San Bernardino,10/10/2016,12/31/2050,True,True,1275,Grass,34º6'43N / 34.112042,-117º11'9W / -117.1857,"92346, 92374",
252,Soledad II,Soledad,South Central Region Office,Monterey,9/3/2016,12/31/2050,True,True,214,Grass,36º27'24N / 36.456728,-121º20'40W / -121.344388,"93926, 93960",
253,Pescadero,Pescadero,North Central Region Office,San Mateo,8/24/2017,12/31/2050,True,True,47,Grass,37º15'19N / 37.255333,-122º22'15W / -122.3708,"94060, 94074, 94019, 94062, 95017, 95060",
254,Oakland Metro,Oakland,North Central Region Office,Alameda,3/12/2018,12/31/2050,True,True,14,Grass,37º43'5N / 37.718167,-122º11'50W / -122.197111,"94577, 94579, 94603, 94621, 94502",
255,Chino,Chino,Southern Region Office,San Bernardino,3/8/2018,8/11/2020,False,True,637,Alfalfa,33º59'7N / 33.985350,-117º39'24W / -117.656528,"91708, 91710",
256,Lancaster,Lancaster,Southern Region Office,Los Angeles,7/26/2018,12/31/2050,True,True,2340,Alfalfa,34º45'34N / 34.759475,-117º59'31W / -117.991997,"93523, 93524, 93535, 93560",
257,Ridgecrest,Ridgecrest,Southern Region Office,Kern,10/10/2018,12/31/2050,True,False,2234,Grass,35º39'33N / 35.659128,-117º38'13W / -117.636925,"93554, 93555, 93556",
258,Lemon Cove,Lemon Cove,South Central Region Office,Tulare,11/15/2018,12/31/2050,True,True,498,Grass,36º22'37N / 36.376917,-119º2'17W / -119.037972,"93221, 93244, 93286",
259,Ferndale Plain,Ferndale,Northern Region Office,Humboldt,8/5/2019,12/30/2050,True,True,21,Grass,40º36'16N / 40.604467,-124º14'35W / -124.243186,"95536, 95540, 95551",
260,Montague,Montague,Northern Region Office,Siskiyou,9/20/2019,12/31/2050,True,True,2663,Grass,41º47'54N / 41.798331,-122º27'48W / -122.463425,"96038, 96044, 96064, 96097",
261,Gazelle,Gazelle,Northern Region Office,Siskiyou,9/18/2019,12/31/2050,True,True,2743,Grass,41º32'2N / 41.533989,-122º31'56W / -122.532279,"96034, 96038, 96064, 96094",
262,Linden,Linden,North Central Region Office,San Joaquin,2/26/2020,12/31/2050,True,True,111,Grass,38º3'56N / 38.065692,-121º4'18W / -121.071747,"95240, 95236, 95227, 95237, 95252, 95212, 95215",
263,Smith River,Crescent City,Northern Region Office,Del Norte,10/7/2020,12/31/2050,True,True,22,Grass,41º53'41N / 41.894592,-124º9'54W / -124.165043,"95532, 95567",
264,Sierra Valley Center,Portola,Northern Region Office,Plumas,10/28/2020,12/31/2050,True,True,4898,Grass,39º46'39N / 39.777452,-120º16'25W / -120.273609,"96106, 96118, 96122, 96129, 96135",
265,Paso Robles,Paso Robles,Southern Region Office,San Luis Obispo,3/1/2022,12/31/2050,True,True,764,Grass,35º41'32N / 35.692266,-120º38'55W / -120.648550,"93426, 93446, 93447, 93451, 93465",
266,Shandon,Shandon,Southern Region Office,San Luis Obispo,8/1/2022,12/31/2050,True,True,1105,Grass,35º38'38N / 35.643787,-120º24'12W / -120.403229,"93461, 93432, 93447",
267,Johnstonville,Johnstonville,Northern Region Office,Lassen,4/27/2022,12/31/2050,True,True,4112,Grass,40º21'52N / 40.364578,-120º33'34W / -120.559397,"96114, 96128, 96127",
268,Nubieber,Nubieber,Northern Region Office,Lassen,11/22/2023,12/31/2030,True,True,4122,Grass,41º6'21N / 41.1059,-121º9'57W / -121.1657,"96068, 96009, 96056, 96054, 96006",
